v1,v2,,,
ham,"Go until jurong point, crazy.. Available only in bugis n great world la e buffet... Cine there got amore wat...",,,
ham,Ok lar... Joking wif u oni...,,,
spam,Free entry in 2 a wkly comp to win FA Cup final tkts 21st May 2005. Text FA to 87121 to receive entry question(std txt rate)T&C's apply 08452810075over18's,,,
ham,U dun say so early hor... U c already then say...,,,
ham,"Nah I don't think he goes to usf, he lives around here though",,,
spam,"FreeMsg Hey there darling it's been 3 week's now and no word back! I'd like some fun you up for it still? Tb ok! XxX std chgs to send, å£1.50 to rcv",,,
ham,Even my brother is not like to speak with me. They treat me like aids patent.,,,
ham,As per your request 'Melle Melle (Oru Minnaminunginte Nurungu Vettam)' has been set as your callertune for all Callers. Press *9 to copy your friends Callertune,,,
spam,WINNER!! As a valued network customer you have been selected to receivea å£900 prize reward! To claim call 09061701461. Claim code KL341. Valid 12 hours only.,,,
spam,Had your mobile 11 months or more? U R entitled to Update to the latest colour mobiles with camera for Free! Call The Mobile Update Co FREE on 08002986030,,,
ham,"I'm gonna be home soon and i don't want to talk about this stuff anymore tonight, k? I've cried enough today.",,,
spam,"SIX chances to win CASH! From 100 to 20,000 pounds txt> CSH11 and send to 87575. Cost 150p/day, 6days, 16+ TsandCs apply Reply HL 4 info",,,
spam,"URGENT! You have won a 1 week FREE membership in our å£100,000 Prize Jackpot! Txt the word: CLAIM to No: 81010 T&C www.dbuk.net LCCLTD POBOX 4403LDNW1A7RW18",,,
ham,I've been searching for the right words to thank you for this breather. I promise i wont take your help for granted and will fulfil my promise. You have been wonderful and a blessing at all times.,,,
ham,I HAVE A DATE ON SUNDAY WITH WILL!!,,,
spam,"XXXMobileMovieClub: To use your credit, click the WAP link in the next txt message or click here>> http://wap. xxxmobilemovieclub.com?n=QJKGIGHJJGCBL",,,
ham,Oh k...i'm watching here:),,,
ham,Eh u remember how 2 spell his name... Yes i did. He v naughty make until i v wet.,,,
ham,Fine if thatåÕs the way u feel. ThatåÕs the way its gota b,,,
spam,"England v Macedonia - dont miss the goals/team news. Txt ur national team to 87077 eg ENGLAND to 87077 Try:WALES, SCOTLAND 4txt/Ì¼1.20 POBOXox36504W45WQ 16+",,,
ham,Is that seriously how you spell his name?,,,
ham,I‰Û÷m going to try for 2 months ha ha only joking,,,
ham,So Ì_ pay first lar... Then when is da stock comin...,,,
ham,Aft i finish my lunch then i go str down lor. Ard 3 smth lor. U finish ur lunch already?,,,
ham,Ffffffffff. Alright no way I can meet up with you sooner?,,,
ham,Just forced myself to eat a slice. I'm really not hungry tho. This sucks. Mark is getting worried. He knows I'm sick when I turn down pizza. Lol,,,
ham,Lol your always so convincing.,,,
ham,Did you catch the bus ? Are you frying an egg ? Did you make a tea? Are you eating your mom's left over dinner ? Do you feel my Love ?,,,
ham,"I'm back &amp; we're packing the car now, I'll let you know if there's room",,,
ham,Ahhh. Work. I vaguely remember that! What does it feel like? Lol,,,
ham,"Wait that's still not all that clear, were you not sure about me being sarcastic or that that's why x doesn't want to live with us",,,
ham,Yeah he got in at 2 and was v apologetic. n had fallen out and she was actin like spoilt child and he got caught up in that. Till 2! But we won't go there! Not doing too badly cheers. You? ,,,
ham,K tell me anything about you.,,,
ham,For fear of fainting with the of all that housework you just did? Quick have a cuppa,,,
spam,Thanks for your subscription to Ringtone UK your mobile will be charged å£5/month Please confirm by replying YES or NO. If you reply NO you will not be charged,,,
ham,Yup... Ok i go home look at the timings then i msg Ì_ again... Xuhui going to learn on 2nd may too but her lesson is at 8am,,,
ham,"Oops, I'll let you know when my roommate's done",,,
ham,I see the letter B on my car,,,
ham,Anything lor... U decide...,,,
ham,Hello! How's you and how did saturday go? I was just texting to see if you'd decided to do anything tomo. Not that i'm trying to invite myself or anything!,,,
ham,Pls go ahead with watts. I just wanted to be sure. Do have a great weekend. Abiola,,,
ham,"Did I forget to tell you ? I want you , I need you, I crave you ... But most of all ... I love you my sweet Arabian steed ... Mmmmmm ... Yummy",,,
spam,07732584351 - Rodger Burns - MSG = We tried to call you re your reply to our sms for a free nokia mobile + free camcorder. Please call now 08000930705 for delivery tomorrow,,,
ham,WHO ARE YOU SEEING?,,,
ham,Great! I hope you like your man well endowed. I am  &lt;#&gt;  inches...,,,
ham,No calls..messages..missed calls,,,
ham,Didn't you get hep b immunisation in nigeria.,,,
ham,"Fair enough, anything going on?",,,
ham,"Yeah hopefully, if tyler can't do it I could maybe ask around a bit",,,
ham,U don't know how stubborn I am. I didn't even want to go to the hospital. I kept telling Mark I'm not a weak sucker. Hospitals are for weak suckers.,,,
ham,What you thinked about me. First time you saw me in class.,,,
ham,"A gram usually runs like  &lt;#&gt; , a half eighth is smarter though and gets you almost a whole second gram for  &lt;#&gt;",,,
ham,K fyi x has a ride early tomorrow morning but he's crashing at our place tonight,,,
ham,"Wow. I never realized that you were so embarassed by your accomodations. I thought you liked it, since i was doing the best i could and you always seemed so happy about \the cave\"". I'm sorry I didn't and don't have more to give. I'm sorry i offered. I'm sorry your room was so embarassing.""",,,
spam,SMS. ac Sptv: The New Jersey Devils and the Detroit Red Wings play Ice Hockey. Correct or Incorrect? End? Reply END SPTV,,,
ham,Do you know what Mallika Sherawat did yesterday? Find out now @  &lt;URL&gt;,,,
spam,"Congrats! 1 year special cinema pass for 2 is yours. call 09061209465 now! C Suprman V, Matrix3, StarWars3, etc all 4 FREE! bx420-ip4-5we. 150pm. Dont miss out! ",,,
ham,"Sorry, I'll call later in meeting.",,,
ham,Tell where you reached,,,
ham,Yes..gauti and sehwag out of odi series.,,,
ham,Your gonna have to pick up a $1 burger for yourself on your way home. I can't even move. Pain is killing me.,,,
ham,Ha ha ha good joke. Girls are situation seekers.,,,
ham,Its a part of checking IQ,,,
ham,"Sorry my roommates took forever, it ok if I come by now?",,,
ham,Ok lar i double check wif da hair dresser already he said wun cut v short. He said will cut until i look nice.,,,
spam,"As a valued customer, I am pleased to advise you that following recent review of your Mob No. you are awarded with a å£1500 Bonus Prize, call 09066364589",,,
ham,"Today is \song dedicated day..\"" Which song will u dedicate for me? Send this to all ur valuable frnds but first rply me...""",,,
spam,"Urgent UR awarded a complimentary trip to EuroDisinc Trav, Aco&Entry41 Or å£1000. To claim txt DIS to 87121 18+6*å£1.50(moreFrmMob. ShrAcomOrSglSuplt)10, LS1 3AJ",,,
spam,"Did you hear about the new \Divorce Barbie\""? It comes with all of Ken's stuff!""",,,
ham,I plane to give on this month end.,,,
ham,Wah lucky man... Then can save money... Hee...,,,
ham,Finished class where are you.,,,
ham,HI BABE IM AT HOME NOW WANNA DO SOMETHING? XX,,,
ham,K..k:)where are you?how did you performed?,,,
ham,U can call me now...,,,
ham,I am waiting machan. Call me once you free.,,,
ham,Thats cool. i am a gentleman and will treat you with dignity and respect.,,,
ham,I like you peoples very much:) but am very shy pa.,,,
ham,Does not operate after  &lt;#&gt;  or what,,,
ham,Its not the same here. Still looking for a job. How much do Ta's earn there.,,,
ham,"Sorry, I'll call later",,,
ham,K. Did you call me just now ah? ,,,
ham,Ok i am on the way to home hi hi,,,
ham,You will be in the place of that man,,,
ham,Yup next stop.,,,
ham,"I call you later, don't have network. If urgnt, sms me.",,,
ham,For real when u getting on yo? I only need 2 more tickets and one more jacket and I'm done. I already used all my multis.,,,
ham,Yes I started to send requests to make it but pain came back so I'm back in bed. Double coins at the factory too. I gotta cash in all my nitros.,,,
ham,I'm really not up to it still tonight babe,,,
ham,"Ela kano.,il download, come wen ur free..",,,
ham,Yeah do! Don‰Û÷t stand to close tho- you‰Û÷ll catch something!,,,
ham,Sorry to be a pain. Is it ok if we meet another night? I spent late afternoon in casualty and that means i haven't done any of y stuff42moro and that includes all my time sheets and that. Sorry. ,,,
ham,Smile in Pleasure Smile in Pain Smile when trouble pours like Rain Smile when sum1 Hurts U Smile becoz SOMEONE still Loves to see u Smiling!!,,,
spam,Please call our customer service representative on 0800 169 6031 between 10am-9pm as you have WON a guaranteed å£1000 cash or å£5000 prize!,,,
ham,Havent planning to buy later. I check already lido only got 530 show in e afternoon. U finish work already?,,,
spam,"Your free ringtone is waiting to be collected. Simply text the password \MIX\"" to 85069 to verify. Get Usher and Britney. FML", PO Box 5249," MK17 92H. 450Ppw 16""",
ham,Watching telugu movie..wat abt u?,,,
ham,i see. When we finish we have loads of loans to pay,,,
ham,"Hi. Wk been ok - on hols now! Yes on for a bit of a run. Forgot that i have hairdressers appointment at four so need to get home n shower beforehand. Does that cause prob for u?\""ham""",,,
ham,Please don't text me anymore. I have nothing else to say.,,,
ham,Okay name ur price as long as its legal! Wen can I pick them up? Y u ave x ams xx,,,
ham,I'm still looking for a car to buy. And have not gone 4the driving test yet.,,,
ham,As per your request 'Melle Melle (Oru Minnaminunginte Nurungu Vettam)' has been set as your callertune for all Callers. Press *9 to copy your friends Callertune,,,
ham,"wow. You're right! I didn't mean to do that. I guess once i gave up on boston men and changed my search location to nyc, something changed. Cuz on my signin page it still says boston.",,,
ham,Umma my life and vava umma love you lot dear,,,
ham,Thanks a lot for your wishes on my birthday. Thanks you for making my birthday truly memorable.,,,
ham,"Aight, I'll hit you up when I get some cash",,,
ham,How would my ip address test that considering my computer isn't a minecraft server,,,
ham,I know! Grumpy old people. My mom was like you better not be lying. Then again I am always the one to play jokes...,,,
ham,Dont worry. I guess he's busy.,,,
ham,What is the plural of the noun research?,,,
ham,Going for dinner.msg you after.,,,
ham,I'm ok wif it cos i like 2 try new things. But i scared u dun like mah. Cos u said not too loud.,,,
spam,GENT! We are trying to contact you. Last weekends draw shows that you won a å£1000 prize GUARANTEED. Call 09064012160. Claim Code K52. Valid 12hrs only. 150ppm,,,
ham,"Wa, ur openin sentence very formal... Anyway, i'm fine too, juz tt i'm eatin too much n puttin on weight...Haha... So anythin special happened?",,,
ham,"As I entered my cabin my PA said, '' Happy B'day Boss !!''. I felt special. She askd me 4 lunch. After lunch she invited me to her apartment. We went there.",,,
spam,You are a winner U have been specially selected 2 receive å£1000 or a 4* holiday (flights inc) speak to a live operator 2 claim 0871277810910p/min (18+) ,,,
ham,Goodo! Yes we must speak friday - egg-potato ratio for tortilla needed! ,,,
ham,Hmm...my uncle just informed me that he's paying the school directly. So pls buy food.,,,
spam,PRIVATE! Your 2004 Account Statement for 07742676969 shows 786 unredeemed Bonus Points. To claim call 08719180248 Identifier Code: 45239 Expires,,,
spam,"URGENT! Your Mobile No. was awarded å£2000 Bonus Caller Prize on 5/9/03 This is our final try to contact U! Call from Landline 09064019788 BOX42WR29C, 150PPM",,,
ham,here is my new address -apples&pairs&all that malarky,,,
spam,Todays Voda numbers ending 7548 are selected to receive a $350 award. If you have a match please call 08712300220 quoting claim code 4041 standard rates app,,,
ham,I am going to sao mu today. Will be done only at 12 ,,,
ham,ÌÏ predict wat time Ì_'ll finish buying?,,,
ham,"Good stuff, will do.",,,
ham,"Just so that you know,yetunde hasn't sent money yet. I just sent her a text not to bother sending. So its over, you dont have to involve yourself in anything. I shouldn't have imposed anything on you in the first place so for that, i apologise.",,,
ham,Are you there in room.,,,
ham,HEY GIRL. HOW R U? HOPE U R WELL ME AN DEL R BAK! AGAIN LONG TIME NO C! GIVE ME A CALL SUM TIME FROM LUCYxx,,,
ham,K..k:)how much does it cost?,,,
ham,I'm home.,,,
ham,"Dear, will call Tmorrow.pls accomodate.",,,
ham,First answer my question.,,,
spam,Sunshine Quiz Wkly Q! Win a top Sony DVD player if u know which country the Algarve is in? Txt ansr to 82277. å£1.50 SP:Tyrone,,,
spam,Want 2 get laid tonight? Want real Dogging locations sent direct 2 ur mob? Join the UK's largest Dogging Network bt Txting GRAVEL to 69888! Nt. ec2a. 31p.msg@150p,,,
ham,I only haf msn. It's yijue@hotmail.com,,,
ham,He is there. You call and meet him,,,
ham,No no. I will check all rooms befor activities,,,
spam,You'll not rcv any more msgs from the chat svc. For FREE Hardcore services text GO to: 69988 If u get nothing u must Age Verify with yr network & try again,,,
ham,Got c... I lazy to type... I forgot Ì_ in lect... I saw a pouch but like not v nice...,,,
ham,"K, text me when you're on the way",,,
ham,"Sir, Waiting for your mail.",,,
ham,"A swt thought: \Nver get tired of doing little things 4 lovable persons..\"" Coz..somtimes those little things occupy d biggest part in their Hearts.. Gud ni8""",,,
ham,I know you are. Can you pls open the back?,,,
ham,Yes see ya not on the dot,,,
ham,Whats the staff name who is taking class for us?,,,
spam,"FreeMsg Why haven't you replied to my text? I'm Randy, sexy, female and live local. Luv to hear from u. Netcollex Ltd 08700621170150p per msg reply Stop to end",,,
ham,Ummma.will call after check in.our life will begin from qatar so pls pray very hard.,,,
ham,K..i deleted my contact that why?,,,
ham,Sindu got job in birla soft ..,,,
ham,The wine is flowing and i'm i have nevering..,,,
ham,Yup i thk cine is better cos no need 2 go down 2 plaza mah.,,,
ham,Ok... Ur typical reply...,,,
ham,As per your request 'Melle Melle (Oru Minnaminunginte Nurungu Vettam)' has been set as your callertune for all Callers. Press *9 to copy your friends Callertune,,,
ham,"You are everywhere dirt, on the floor, the windows, even on my shirt. And sometimes when i open my mouth, you are all that comes flowing out. I dream of my world without you, then half my chores are out too. A time of joy for me, lots of tv shows i.ll see. But i guess like all things you just must exist, like rain, hail and mist, and when my time here is done, you and i become one.",,,
ham,Aaooooright are you at work?,,,
ham,I'm leaving my house now...,,,
ham,"Hello, my love. What are you doing? Did you get to that interview today? Are you you happy? Are you being a good boy? Do you think of me?Are you missing me ?",,,
spam,Customer service annoncement. You have a New Years delivery waiting for you. Please call 07046744435 now to arrange delivery,,,
spam,You are a winner U have been specially selected 2 receive å£1000 cash or a 4* holiday (flights inc) speak to a live operator 2 claim 0871277810810,,,
ham,Keep yourself safe for me because I need you and I miss you already and I envy everyone that see's you in real life,,,
ham,New car and house for my parents.:)i have only new job in hand:),,,
ham,I'm so in love with you. I'm excited each day i spend with you. You make me so happy.,,,
spam,-PLS STOP bootydelious (32/F) is inviting you to be her friend. Reply YES-434 or NO-434 See her: www.SMS.ac/u/bootydelious STOP? Send STOP FRND to 62468,,,
spam,"BangBabes Ur order is on the way. U SHOULD receive a Service Msg 2 download UR content. If U do not, GoTo wap. bangb. tv on UR mobile internet/service menu",,,
ham,I place all ur points on e cultures module already.,,,
spam,URGENT! We are trying to contact you. Last weekends draw shows that you have won a å£900 prize GUARANTEED. Call 09061701939. Claim code S89. Valid 12hrs only,,,
ham,"Hi frnd, which is best way to avoid missunderstding wit our beloved one's?",,,
ham,Great escape. I fancy the bridge but needs her lager. See you tomo ,,,
ham,Yes :)it completely in out of form:)clark also utter waste.,,,
ham,"Sir, I need AXIS BANK account no and bank address.",,,
ham,"Hmmm.. Thk sure got time to hop ard... Ya, can go 4 free abt... Muz call u to discuss liao... ",,,
ham,What time you coming down later? ,,,
ham,"Bloody hell, cant believe you forgot my surname Mr . Ill give u a clue, its spanish and begins with m... ",,,
ham,"Well, i'm gonna finish my bath now. Have a good...fine night.",,,
ham,Let me know when you've got the money so carlos can make the call,,,
ham,U still going to the mall?,,,
ham,"Turns out my friends are staying for the whole show and won't be back til ~ &lt;#&gt; , so feel free to go ahead and smoke that $ &lt;#&gt;  worth",,,
ham,Text her. If she doesnt reply let me know so i can have her log in,,,
ham,Hi! You just spoke to MANEESHA V. We'd like to know if you were satisfied with the experience. Reply Toll Free with Yes or No.,,,
ham,You lifted my hopes with the offer of money. I am in need. Especially when the end of the month approaches and it hurts my studying. Anyways have a gr8 weekend,,,
ham,Lol no. U can trust me.,,,
ham,ok. I am a gentleman and will treat you with dignity and respect.,,,
ham,"He will, you guys close?",,,
ham,Going on nothing great.bye,,,
ham,Hello handsome ! Are you finding that job ? Not being lazy ? Working towards getting back that net for mummy ? Where's my boytoy now ? Does he miss me ?,,,
ham,"Haha awesome, be there in a minute",,,
spam,Please call our customer service representative on FREEPHONE 0808 145 4742 between 9am-11pm as you have WON a guaranteed å£1000 cash or å£5000 prize!,,,
ham,Have you got Xmas radio times. If not i will get it now,,,
ham,I jus reached home. I go bathe first. But my sis using net tell u when she finishes k...,,,
spam,Are you unique enough? Find out from 30th August. www.areyouunique.co.uk,,,
ham,I'm sorry. I've joined the league of people that dont keep in touch. You mean a great deal to me. You have been a friend at all times even at great personal cost. Do have a great week.|,,,
ham,Hi :)finally i completed the course:),,,
ham,It will stop on itself. I however suggest she stays with someone that will be able to give ors for every stool.,,,
ham,How are you doing? Hope you've settled in for the new school year. Just wishin you a gr8 day,,,
ham,Gud mrng dear hav a nice day,,,
ham,Did u got that persons story,,,
ham,is your hamster dead? Hey so tmr i meet you at 1pm orchard mrt? ,,,
ham,Hi its Kate how is your evening? I hope i can see you tomorrow for a bit but i have to bloody babyjontet! Txt back if u can. :) xxx,,,
ham,"Found it, ENC  &lt;#&gt; , where you at?",,,
ham,I sent you  &lt;#&gt;  bucks,,,
ham,Hello darlin ive finished college now so txt me when u finish if u can love Kate xxx,,,
ham,Your account has been refilled successfully by INR  &lt;DECIMAL&gt; . Your KeralaCircle prepaid account balance is Rs  &lt;DECIMAL&gt; . Your Transaction ID is KR &lt;#&gt; .,,,
ham,Goodmorning sleeping ga.,,,
ham,U call me alter at 11 ok.,,,
ham,ÌÏ say until like dat i dun buy ericsson oso cannot oredi lar...,,,
ham,"As I entered my cabin my PA said, '' Happy B'day Boss !!''. I felt special. She askd me 4 lunch. After lunch she invited me to her apartment. We went there.",,,
ham,"Aight yo, dats straight dogg",,,
ham,You please give us connection today itself before  &lt;DECIMAL&gt;  or refund the bill,,,
ham,Both :) i shoot big loads so get ready!,,,
ham,"What's up bruv, hope you had a great break. Do have a rewarding semester.",,,
ham,Home so we can always chat,,,
ham,K:)k:)good:)study well.,,,
ham,Yup... How Ì_ noe leh...,,,
ham,Sounds great! Are you home now?,,,
ham,Finally the match heading towards draw as your prediction.,,,
ham,Tired. I haven't slept well the past few nights.,,,
ham,Easy ah?sen got selected means its good..,,,
ham,I have to take exam with march 3,,,
ham,Yeah you should. I think you can use your gt atm now to register. Not sure but if there's anyway i can help let me know. But when you do be sure you are ready.,,,
ham,Ok no prob. Take ur time.,,,
ham,There is os called ubandu which will run without installing in hard disk...you can use that os to copy the important files in system and give it to repair shop..,,,
ham,"Sorry, I'll call later",,,
ham,U say leh... Of course nothing happen lar. Not say v romantic jus a bit only lor. I thk e nite scenery not so nice leh.,,,
spam,"500 New Mobiles from 2004, MUST GO! Txt: NOKIA to No: 89545 & collect yours today!From ONLY å£1 www.4-tc.biz 2optout 087187262701.50gbp/mtmsg18",,,
ham,Would really appreciate if you call me. Just need someone to talk to.,,,
spam,"Will u meet ur dream partner soon? Is ur career off 2 a flyng start? 2 find out free, txt HORO followed by ur star sign, e. g. HORO ARIES",,,
ham,Hey company elama po mudyadhu.,,,
ham,"Life is more strict than teacher... Bcoz Teacher teaches lesson &amp; then conducts exam, But Life first conducts Exam &amp; then teaches Lessons. Happy morning. . .",,,
ham,Dear good morning now only i am up,,,
ham,Get down in gandhipuram and walk to cross cut road. Right side &lt;#&gt; street road and turn at first right.,,,
ham,Dear we are going to our rubber place,,,
ham,"Sorry battery died, yeah I'm here",,,
ham,Yes:)here tv is always available in work place..,,,
spam,Text & meet someone sexy today. U can find a date or even flirt its up to U. Join 4 just 10p. REPLY with NAME & AGE eg Sam 25. 18 -msg recd@thirtyeight pence,,,
ham,I have printed it oh. So  &lt;#&gt;  come upstairs,,,
ham,Or ill be a little closer like at the bus stop on the same street,,,
ham,Where are you?when wil you reach here?,,,
ham,"New Theory: Argument wins d SITUATION, but loses the PERSON. So dont argue with ur friends just.. . . . kick them &amp; say, I'm always correct.!",,,
spam,U 447801259231 have a secret admirer who is looking 2 make contact with U-find out who they R*reveal who thinks UR so special-call on 09058094597,,,
ham,Tomarrow final hearing on my laptop case so i cant.,,,
ham,PLEASSSSSSSEEEEEE TEL ME V AVENT DONE SPORTSx,,,
ham,"Okay. No no, just shining on. That was meant to be signing, but that sounds better.",,,
ham,"Although i told u dat i'm into baig face watches now but i really like e watch u gave cos it's fr u. Thanx 4 everything dat u've done today, i'm touched...",,,
ham,U don't remember that old commercial?,,,
ham,Too late. I said i have the website. I didn't i have or dont have the slippers,,,
ham,I asked you to call him now ok,,,
ham,Kallis wont bat in 2nd innings.,,,
ham,It didnt work again oh. Ok goodnight then. I.ll fix and have it ready by the time you wake up. You are very dearly missed have a good night sleep.,,,
spam,Congratulations ur awarded 500 of CD vouchers or 125gift guaranteed & Free entry 2 100 wkly draw txt MUSIC to 87066 TnCs www.Ldew.com1win150ppmx3age16,,,
ham,Ranjith cal drpd Deeraj and deepak 5min hold,,,
ham,"Wen ur lovable bcums angry wid u, dnt take it seriously.. Coz being angry is d most childish n true way of showing deep affection, care n luv!.. kettoda manda... Have nice day da.",,,
ham,What you doing?how are you?,,,
ham,"Ups which is 3days also, and the shipping company that takes 2wks. The other way is usps which takes a week but when it gets to lag you may have to bribe nipost to get your stuff.",,,
ham,"I'm back, lemme know when you're ready",,,
ham,Don't necessarily expect it to be done before you get back though because I'm just now headin out,,,
ham,Mmm so yummy babe ... Nice jolt to the suzy,,,
ham,Where are you lover ? I need you ...,,,
spam,We tried to contact you re your reply to our offer of a Video Handset? 750 anytime networks mins? UNLIMITED TEXT? Camcorder? Reply or call 08000930705 NOW,,,
ham,I‰Û÷m parked next to a MINI!!!! When are you coming in today do you think?,,,
ham,Yup,,,
ham,Anyway i'm going shopping on my own now. Cos my sis not done yet. Dun disturb u liao.,,,
ham,MY NO. IN LUTON 0125698789 RING ME IF UR AROUND! H*,,,
spam,Hey I am really horny want to chat or see me naked text hot to 69698 text charged at 150pm to unsubscribe text stop 69698,,,
ham,Why you Dint come with us.,,,
ham,Same. Wana plan a trip sometme then,,,
ham,"Not sure yet, still trying to get a hold of him",,,
spam,Ur ringtone service has changed! 25 Free credits! Go to club4mobiles.com to choose content now! Stop? txt CLUB STOP to 87070. 150p/wk Club4 PO Box1146 MK45 2WT,,,
ham,The evo. I just had to download flash. Jealous?,,,
spam,Ringtone Club: Get the UK singles chart on your mobile each week and choose any top quality ringtone! This message is free of charge.,,,
ham,"Come to mu, we're sorting out our narcotics situation",,,
ham,"Night has ended for another day, morning has come in a special way. May you smile like the sunny rays and leaves your worries at the blue blue bay.",,,
spam,HMV BONUS SPECIAL 500 pounds of genuine HMV vouchers to be won. Just answer 4 easy questions. Play Now! Send HMV to 86688 More info:www.100percent-real.com,,,
ham,"Usf I guess, might as well take 1 car",,,
ham,No objection. My bf not coming.,,,
ham,Thanx...,,,
ham,Tell rob to mack his gf in the theater,,,
ham,"Awesome, I'll see you in a bit",,,
ham,Just sent it. So what type of food do you like?,,,
ham,All done? All handed in? Celebrations in full swing yet?,,,
ham,You got called a tool?,,,
ham,\Wen u miss someone, the person is definitely special for u..... But if the person is so special, why to miss them," just Keep-in-touch\"" gdeve.."""
ham,Ok. I asked for money how far,,,
ham,Okie...,,,
ham,"Yeah I think my usual guy's still passed out from last night, if you get ahold of anybody let me know and I'll throw down",,,
ham,"K, I might come by tonight then if my class lets out early",,,
ham,Ok..,,,
ham,hi baby im cruisin with my girl friend what r u up 2? give me a call in and hour at home if thats alright or fone me on this fone now love jenny xxx,,,
ham,"My life Means a lot to me, Not because I love my life, But because I love the people in my life, The world calls them friends, I call them my World:-).. Ge:-)..",,,
ham,"Dear,shall mail tonite.busy in the street,shall update you tonite.things are looking ok.varunnathu edukkukayee raksha ollu.but a good one in real sense.",,,
ham,Hey you told your name to gautham ah?,,,
ham,Haf u found him? I feel so stupid da v cam was working.,,,
ham,Oops. 4 got that bit.,,,
ham,Are you this much buzy,,,
ham,I accidentally deleted the message. Resend please.,,,
spam,T-Mobile customer you may now claim your FREE CAMERA PHONE upgrade & a pay & go sim card for your loyalty. Call on 0845 021 3680.Offer ends 28thFeb.T&C's apply,,,
ham,Unless it's a situation where YOU GO GURL would be more appropriate,,,
ham,Hurt me... Tease me... Make me cry... But in the end of my life when i die plz keep one rose on my grave and say STUPID I MISS U.. HAVE A NICE DAY BSLVYL,,,
ham,I cant pick the phone right now. Pls send a message,,,
ham,Need a coffee run tomo?Can't believe it's that time of week already,,,
ham,"Awesome, I remember the last time we got somebody high for the first time with diesel :V",,,
ham,"Shit that is really shocking and scary, cant imagine for a second. Def up for night out. Do u think there is somewhere i could crash for night, save on taxi?",,,
ham,Oh and by the way you do have more food in your fridge! Want to go out for a meal tonight? ,,,
ham,He is a womdarfull actor,,,
spam,"SMS. ac Blind Date 4U!: Rodds1 is 21/m from Aberdeen, United Kingdom. Check Him out http://img. sms. ac/W/icmb3cktz8r7!-4 no Blind Dates send HIDE",,,
ham,Yup... From what i remb... I think should be can book... ,,,
ham,Jos ask if u wana meet up?,,,
ham,Lol yes. Our friendship is hanging on a thread cause u won't buy stuff.,,,
spam,"TheMob> Check out our newest selection of content, Games, Tones, Gossip, babes and sport, Keep your mobile fit and funky text WAP to 82468",,,
ham,Where are the garage keys? They aren't on the bookshelf,,,
ham,Today is ACCEPT DAY..U Accept me as? Brother Sister Lover Dear1 Best1 Clos1 Lvblefrnd Jstfrnd Cutefrnd Lifpartnr Belovd Swtheart Bstfrnd No rply means enemy,,,
spam,"Think ur smart ? Win å£200 this week in our weekly quiz, text PLAY to 85222 now!T&Cs WinnersClub PO BOX 84, M26 3UZ. 16+. GBP1.50/week",,,
ham,He says he'll give me a call when his friend's got the money but that he's definitely buying before the end of the week,,,
ham,"Hi the way I was with u 2day, is the normal way&this is the real me. UR unique&I hope I know u 4 the rest of mylife. Hope u find wot was lost.",,,
ham,You made my day. Do have a great day too.,,,
ham,K.k:)advance happy pongal.,,,
ham,"Hmmm... Guess we can go 4 kb n power yoga... Haha, dunno we can tahan power yoga anot... Thk got lo oso, forgot liao...",,,
ham,"Not really dude, have no friends i'm afraid :(",,,
spam,December only! Had your mobile 11mths+? You are entitled to update to the latest colour camera mobile for Free! Call The Mobile Update Co FREE on 08002986906,,,
ham,"Coffee cake, i guess...",,,
ham,"Merry Christmas to you too babe, i love ya *kisses*",,,
ham,Hey... Why dont we just go watch x men and have lunch... Haha ,,,
ham,cud u tell ppl im gona b a bit l8 cos 2 buses hav gon past cos they were full & im still waitin 4 1. Pete x,,,
ham,That would be great. We'll be at the Guild. Could meet on Bristol road or somewhere - will get in touch over weekend. Our plans take flight! Have a good week,,,
ham,No problem. How are you doing?,,,
ham,No calls..messages..missed calls,,,
ham,Hi da:)how is the todays class?,,,
ham,"I'd say that's a good sign but, well, you know my track record at reading women",,,
ham,"Cool, text me when you're parked",,,
ham,I'm reading the text i just sent you. Its meant to be a joke. So read it in that light,,,
ham,K.k:)apo k.good movie.,,,
ham,Maybe i could get book out tomo then return it immediately ..? Or something.,,,
spam,Call Germany for only 1 pence per minute! Call from a fixed line via access number 0844 861 85 85. No prepayment. Direct access!,,,
ham,Any chance you might have had with me evaporated as soon as you violated my privacy by stealing my phone number from your employer's paperwork. Not cool at all. Please do not contact me again or I will report you to your supervisor.,,,
spam,Valentines Day Special! Win over å£1000 in our quiz and take your partner on the trip of a lifetime! Send GO to 83600 now. 150p/msg rcvd. CustCare:08718720201.,,,
ham,"Ta-Daaaaa! I am home babe, are you still up ?",,,
ham,Cool. So how come you havent been wined and dined before?,,,
ham,Just sleeping..and surfing,,,
ham,"Sorry, I'll call later",,,
ham,U calling me right? Call my hand phone...,,,
ham,Ok that's great thanx a lot.,,,
ham,I take it the post has come then! You must have 1000s of texts now! Happy reading. My one from wiv hello caroline at the end is my favourite. Bless him,,,
ham,Where u been hiding stranger?,,,
ham,Am not interested to do like that.,,,
ham,My sister cleared two round in birla soft yesterday.,,,
ham,Gudnite....tc...practice going on,,,
ham,Dis is yijue. I jus saw ur mail. In case huiming havent sent u my num. Dis is my num.,,,
ham,One small prestige problem now.,,,
spam,Fancy a shag? I do.Interested? sextextuk.com txt XXUK SUZY to 69876. Txts cost 1.50 per msg. TnCs on website. X,,,
ham,Just checking in on you. Really do miss seeing Jeremiah. Do have a great month,,,
ham,"Nah can't help you there, I've never had an iphone",,,
ham,If you're not in my car in an hour and a half I'm going apeshit,,,
ham,"TODAY is Sorry day.! If ever i was angry with you, if ever i misbehaved or hurt you? plz plz JUST SLAP URSELF Bcoz, Its ur fault, I'm basically GOOD",,,
ham,Yo you guys ever figure out how much we need for alcohol? Jay and I are trying to figure out how much we can safely spend on weed,,,
ham,&lt;#&gt; ISH MINUTES WAS 5 MINUTES AGO. WTF.,,,
ham,"Thank You for calling.Forgot to say Happy Onam to you Sirji.I am fine here and remembered you when i met an insurance person.Meet You in Qatar Insha Allah.Rakhesh, ex Tata AIG who joined TISSCO,Tayseer.",,,
spam,Congratulations ur awarded 500 of CD vouchers or 125gift guaranteed & Free entry 2 100 wkly draw txt MUSIC to 87066 TnCs www.Ldew.com1win150ppmx3age16,,,
spam,Ur cash-balance is currently 500 pounds - to maximize ur cash-in now send CASH to 86688 only 150p/msg. CC: 08708800282 HG/Suite342/2Lands Row/W1J6HL,,,
ham,"I'm an actor. When i work, i work in the evening and sleep late. Since i'm unemployed at the moment, i ALWAYS sleep late. When you're unemployed, every day is saturday.",,,
ham,"Hello! Just got here, st andrews-boy its a long way! Its cold. I will keep you posted",,,
ham,Ha ha cool cool chikku chikku:-):-DB-),,,
ham,Oh ok no prob..,,,
ham,Check audrey's status right now,,,
ham,Busy here. Trying to finish for new year. I am looking forward to finally meeting you...,,,
ham,"Good afternoon sunshine! How dawns that day ? Are we refreshed and happy to be alive? Do we breathe in the air and smile ? I think of you, my love ... As always",,,
ham,Well i know Z will take care of me. So no worries.,,,
spam,"Update_Now - Xmas Offer! Latest Motorola, SonyEricsson & Nokia & FREE Bluetooth! Double Mins & 1000 Txt on Orange. Call MobileUpd8 on 08000839402 or call2optout/F4Q=",,,
spam,Here is your discount code RP176781. To stop further messages reply stop. www.regalportfolio.co.uk. Customer Services 08717205546,,,
ham,Wat uniform? In where get?,,,
ham,"Cool, text me when you're ready",,,
ham,"Hello my boytoy ... Geeee I miss you already and I just woke up. I wish you were here in bed with me, cuddling me. I love you ...",,,
ham,I will spoil you in bed as well :),,,
ham,I'm going for bath will msg you next  &lt;#&gt;  min..,,,
ham,I cant keep talking to people if am not sure i can pay them if they agree to price. So pls tell me what you want to really buy and how much you are willing to pay,,,
spam,"Thanks for your Ringtone Order, Reference T91. You will be charged GBP 4 per week. You can unsubscribe at anytime by calling customer services on 09057039994",,,
ham,Can you say what happen,,,
ham,You could have seen me..i did't recognise you Face.:),,,
ham,Well there's not a lot of things happening in Lindsay on New years *sighs* Some bars in Ptbo and the blue heron has something going,,,
ham,Keep my payasam there if rinu brings,,,
ham,I taught that Ranjith sir called me. So only i sms like that. Becaus hes verifying about project. Prabu told today so only pa dont mistake me..,,,
ham,"I guess that's why you re worried. You must know that there's a way the body repairs itself. And i'm quite sure you shouldn't worry. We'll take it slow. First the tests, they will guide when your ovulation is then just relax. Nothing you've said is a reason to worry but i.ll keep on followin you up.",,,
ham,"Yeah sure, give me a couple minutes to track down my wallet",,,
ham,Hey leave it. not a big deal:-) take care.,,,
ham,Hey i will be late ah... Meet you at 945+,,,
spam,"Double mins and txts 4 6months FREE Bluetooth on Orange. Available on Sony, Nokia Motorola phones. Call MobileUpd8 on 08000839402 or call2optout/N9DX",,,
ham,It took Mr owl 3 licks,,,
ham,Customer place i will call you.,,,
ham,Mm that time you dont like fun,,,
spam,4mths half price Orange line rental & latest camera phones 4 FREE. Had your phone 11mths ? Call MobilesDirect free on 08000938767 to update now! or2stoptxt,,,
ham,Yup having my lunch buffet now.. U eat already?,,,
ham,Huh so late... Fr dinner?,,,
ham,Hey so this sat are we going for the intro pilates only? Or the kickboxing too? ,,,
ham,Morning only i can ok.,,,
ham,Yes i think so. I am in office but my lap is in room i think thats on for the last few days. I didnt shut that down,,,
ham,Pick you up bout 7.30ish? What time are  and that going?,,,
ham,From here after The performance award is calculated every two month.not for current one month period..,,,
ham,Was actually sleeping and still might when u call back. So a text is gr8. You rock sis. Will send u a text wen i wake.,,,
ham,"You are always putting your business out there. You put pictures of your ass on facebook. You are one of the most open people i've ever met. Why would i think a picture of your room would hurt you, make you feel violated.",,,
ham,"Good evening Sir, Al Salam Wahleykkum.sharing a happy news.By the grace of God, i got an offer from Tayseer,TISSCO and i joined.Hope you are fine.Inshah Allah,meet you sometime.Rakhesh,visitor from India.",,,
,No..but heard abt tat..,,,
,Please call our customer service representative on FREEPHONE 0808 145 4742 between 9am-11pm as you have WON a guaranteed å£1000 cash or å£5000 prize!,,,
,Yes..he is really great..bhaji told kallis best cricketer after sachin in world:).very tough to get out.,,,
,&lt;#&gt;  am I think? Should say on syllabus,,,
,Umma. Did she say anything,,,
,Give me a sec to think think about it,,,
,Panasonic & BluetoothHdset FREE. Nokia FREE. Motorola FREE & DoubleMins & DoubleTxt on Orange contract. Call MobileUpd8 on 08000839402 or call 2optout,,,
,I don't quite know what to do. I still can't get hold of anyone. I cud pick you up bout 7.30pm and we can see if they're in the pub?,,,
,"Poyyarikatur,kolathupalayam,unjalur post,erode dis, &lt;#&gt; .",,,
,"Dear Hero,i am leaving to qatar tonite for an apt opportunity.pls do keep in touch at  &lt;EMAIL&gt; ,kerala",,,
,Lol I would but my mom would have a fit and tell the whole family how crazy and terrible I am,,,
,"I just got home babe, are you still awake ?",,,
,I dunno they close oredi not... ÌÏ v ma fan...,,,
,Just buy a pizza. Meat lovers or supreme. U get to pick.,,,
,"Ya, told..she was asking wats matter?",,,
,"Dear,regret i cudnt pick call.drove down frm ctla now at cochin home.left mobile in car..ente style ishtamayoo?happy bakrid!",,,
,FREE for 1st week! No1 Nokia tone 4 ur mob every week just txt NOKIA to 8007 Get txting and tell ur mates www.getzed.co.uk POBox 36504 W45WQ norm150p/tone 16+,,,
,Shall i send that exe to your mail id.,,,
,Nope watching tv at home... Not going out. V bored...,,,
,Don know..wait i will check it.,,,
,"Good afternoon on this glorious anniversary day, my sweet J !! I hope this finds you happy and content, my Prey. I think of you and send a teasing kiss from across the sea coaxing images of fond souveniers ... You Cougar-Pen",,,
,Guess what! Somebody you know secretly fancies you! Wanna find out who it is? Give us a call on 09065394514 From Landline DATEBox1282EssexCM61XN 150p/min 18,,,
,We still on for tonight?,,,
,May i call You later Pls,,,
,Hasn't that been the pattern recently crap weekends?,,,
,I have a sore throat. It's scratches when I talk,,,
,Yes da. Any plm at ur office,,,
,Are you not around or just still asleep? :V,,,
,"Lol you forgot it eh ? Yes, I'll bring it in babe",,,
,"Its good, we'll find a way",,,
,Can not use foreign stamps in this country. Good lecture .,,,
,Yup bathe liao...,,,
,HAPPY NEW YEAR MY NO.1 MAN,,,
,"OH MR SHEFFIELD! You wanna play THAT game, okay. You're the boss and I'm the nanny. You give me a raise and I'll give YOU one!!",,,
,ZOE IT JUST HIT ME 2 IM FUCKING SHITIN MYSELF IL DEFO TRY MY HARDEST 2 CUM 2MOROW LUV U MILLIONS LEKDOG,,,
,"Hello baby, did you get back to your mom's ? Are you setting up the computer now ? Filling your belly ? How goes it loverboy ? I miss you already ... *sighs*",,,
,"No my blankets are sufficient, thx",,,
,"naughty little thought: 'its better to flirt, flirt n flirt, rather than loving someone n gettin hurt, hurt n hurt...:-) Gud nyt",,,
,"Edison has rightly said, \A fool can ask more questions than a wise man can answer\"" Now you know why all of us are speechless during ViVa.. GM",GN,GE,
,They just talking thats it de. They wont any other.,,,
,Today am going to college so am not able to atten the class.,,,
,I'm in class. Will holla later,,,
,Easy ah?sen got selected means its good..,,,
,Mmm thats better now i got a roast down me! iåÕd b better if i had a few drinks down me 2! Good indian?,,,
,"We know someone who you know that fancies you. Call 09058097218 to find out who. POBox 6, LS15HB 150p",,,
,"Come round, it's . ",,,
,"Do 1 thing! Change that sentence into: \Because i want 2 concentrate in my educational career im leaving here..\""""",,,
,"1000's flirting NOW! Txt GIRL or BLOKE & ur NAME & AGE, eg GIRL ZOE 18 to 8007 to join and get chatting!",,,
,I walked an hour 2 c u! doesnåÕt that show I care y wont u believe im serious?,,,
,18 days to Euro2004 kickoff! U will be kept informed of all the latest news and results daily. Unsubscribe send GET EURO STOP to 83222.,,,
,Are you available for soiree on June 3rd?,,,
,Do u noe wat time e place dat sells 4d closes?,,,
,"I got another job! The one at the hospital doing data analysis or something, starts on monday! Not sure when my thesis will got finished",,,
,Jay's getting really impatient and belligerent,,,
,HIYA COMIN 2 BRISTOL 1 ST WEEK IN APRIL. LES GOT OFF + RUDI ON NEW YRS EVE BUT I WAS SNORING.THEY WERE DRUNK! U BAK AT COLLEGE YET? MY WORK SENDS INK 2 BATH.,,,
,I'm at work. Please call,,,
,Then u drive lor.,,,
,Ard 515 like dat. Y?,,,
,Tell me they're female :V how're you throwing in? We're deciding what all to get now,,,
,EASTENDERS TV Quiz. What FLOWER does DOT compare herself to? D= VIOLET E= TULIP F= LILY txt D E or F to 84025 NOW 4 chance 2 WIN å£100 Cash WKENT/150P16+,,,
,I'm working technical support :)voice process.networking field.,,,
,I might come to kerala for 2 days.so you can be prepared to take a leave once i finalise .dont plan any travel during my visit.need to finish urgent works.,,,
,Ok. Not sure what time tho as not sure if can get to library before class. Will try. See you at some point! Have good eve.,,,
,We have new local dates in your area - Lots of new people registered in YOUR AREA. Reply DATE to start now! 18 only www.flirtparty.us REPLYS150,,,
,"That's fine, I'll bitch at you about it later then",,,
,No my mum went 2 dentist.,,,
,Once free call me sir. I am waiting for you.,,,
,Meeting u is my work. . . Tel me when shall i do my work tomorrow,,,
,Someone U know has asked our dating service 2 contact you! Cant Guess who? CALL 09058091854 NOW all will be revealed. PO BOX385 M6 6WU,,,
,Jus finish bathing...,,,
,"alright, I'll make sure the car is back tonight",,,
,URGENT! We are trying to contact U. Todays draw shows that you have won a å£800 prize GUARANTEED. Call 09050003091 from land line. Claim C52. Valid12hrs only,,,
,Dear U've been invited to XCHAT. This is our final attempt to contact u! Txt CHAT to 86688,,,
,Lul im gettin some juicy gossip at the hospital. Two nurses are talking about how fat they are gettin. And one thinks shes obese. Oyea.,,,
,Aight ill get on fb in a couple minutes,,,
,Oi. Ami parchi na re. Kicchu kaaj korte iccha korche na. Phone ta tul na. Plz. Plz.,,,
,Where can download clear movies. Dvd copies.,,,
,"Yep, by the pretty sculpture",,,
,Convey my regards to him,,,
,Me too watching surya movie only. . .after 6 pm vijay movie POKKIRI,,,
,You tell what happen dont behave like this to me. Ok no need to say,,,
,Can u get pic msgs to your phone?,,,
,Send to someone else :-),,,
,Wat makes some people dearer is not just de happiness dat u feel when u meet them but de pain u feel when u miss dem!!!,,,
,For me the love should start with attraction.i should feel that I need her every time around me.she should be the first thing which comes in my thoughts.I would start the day and end it with her.she should be there every time I dream.love will be then when my every breath has her name.my life should happen around her.my life will be named to her.I would cry for her.will give all my happiness and take all her sorrows.I will be ready to fight with anyone for her.I will be in love when I will be doing the craziest things for her.love will be when I don't have to proove anyone that my girl is the most beautiful lady on the whole planet.I will always be singing praises for her.love will be when I start up making chicken curry and end up makiing sambar.life will be the most beautiful then.will get every morning and thank god for the day because she is with me.I would like to say a lot..will tell later..,,,
,"FR'NDSHIP is like a needle of a clock. Though V r in d same clock, V r nt able 2 met. Evn if V meet,itz only 4few seconds. Bt V alwys stay conected. Gud 9t;-)",,,
,I don't think he has spatula hands!,,,
,You can never do NOTHING,,,
,You are awarded a SiPix Digital Camera! call 09061221061 from landline. Delivery within 28days. T Cs Box177. M221BP. 2yr warranty. 150ppm. 16 . p på£3.99,,,
,Goodmorning today i am late for  &lt;DECIMAL&gt; min.,,,
,WIN URGENT! Your mobile number has been awarded with a å£2000 prize GUARANTEED call 09061790121 from land line. claim 3030 valid 12hrs only 150ppm ,,,
,Please da call me any mistake from my side sorry da. Pls da goto doctor.,,,
,Where r we meeting?,,,
,"Well the weather in cali's great. But its complexities are great. You need a car to move freely, its taxes are outrageous. But all in all its a great place. The sad part is i missing home.",,,
,Now only i reached home. . . I am very tired now. . I will come tomorro,,,
,Ryder unsold.now gibbs.,,,
,Dear Subscriber ur draw 4 å£100 gift voucher will b entered on receipt of a correct ans. When was Elvis Presleys Birthday? TXT answer to 80062,,,
,Don't fret. I'll buy the ovulation test strips and send them to you. You wont get them til like march. Can you send me your postal address.u'll be alright.Okay.,,,
,NO GIFTS!! You trying to get me to throw myself off a cliff or something?,,,
,Been up to ne thing interesting. Did you have a good birthday? When are u wrking nxt? I started uni today.,,,
,You busy or can I come by at some point and figure out what we're doing tomorrow,,,
,"Yeah go on then, bored and depressed sittin waitin for phone to ring... Hope the wind drops though, scary",,,
,Black shirt n blue jeans... I thk i c Ì_...,,,
,Aiyah sorry lor... I watch tv watch until i forgot 2 check my phone.,,,
,Message Important information for O2 user. Today is your lucky day! 2 find out why log onto http://www.urawinner.com there is a fantastic surprise awaiting you,,,
,on hen night. Going with a swing,,,
,"Good afternoon, my love. How goes your day ? What are you up to ? I woke early and am online waiting for you ... Hmmm ... Italian boy is online I see . *grins*",,,
,From someone not to smoke when every time I've smoked in the last two weeks is because of you calling or texting me that you wanted to smoke,,,
,No you'll just get a headache trying to figure it out. U can trust me to do the math. I promise. O:-),,,
,S s..first time..dhoni rocks...,,,
,Ok ill tell the company,,,
,"Awesome, think we can get an 8th at usf some time tonight?",,,
,So that means you still think of teju,,,
,"No I'm good for the movie, is it ok if I leave in an hourish?",,,
,No no:)this is kallis home ground.amla home town is durban:),,,
,So lets make it saturday or monday as per convenience.,,,
,Hey... What time is your driving on fri? We go for evaluation on fri?,,,
,"449050000301 You have won a å£2,000 price! To claim, call 09050000301.",,,
,I'm going 4 lunch now wif my family then aft dat i go str 2 orchard lor.,,,
,"Bored of speed dating? Try SPEEDCHAT, txt SPEEDCHAT to 80155, if you don't like em txt SWAP and get a new chatter! Chat80155 POBox36504W45WQ 150p/msg rcd 16",,,
,Cancel cheyyamo?and get some money back?,,,
,Do you want 750 anytime any network mins 150 text and a NEW video phone for only five pounds per week call 08000776320 now or reply for delivery Tomorrow,,,
,Ok.ok ok..then..whats ur todays plan,,,
,Good morning princess! How are you?,,,
,Aiyar sorry lor forgot 2 tell u...,,,
,For taking part in our mobile survey yesterday! You can now have 500 texts 2 use however you wish. 2 get txts just send TXT to 80160 T&C www.txt43.com 1.50p,,,
,Not tonight mate. Catching up on some sleep. This is my new number by the way. ,,,
,"Height of \Oh shit....!!\"" situation: A guy throws a luv letter on a gal but falls on her brothers head whos a gay",".;-):-D""",,
,Ur HMV Quiz cash-balance is currently å£500 - to maximize ur cash-in now send HMV1 to 86688 only 150p/msg,,,
,"So check your errors and if you had difficulties, do correction.",,,
,Howz pain?hope u r fine..,,,
,"Sorry, I'll call later",,,
,Good morning princess! How are you?,,,
,"As I entered my cabin my PA said, '' Happy B'day Boss !!''. I felt special. She askd me 4 lunch. After lunch she invited me to her apartment. We went there.",,,
,U wake up already? Thanx 4 e tau sar piah it's quite nice.,,,
,K do I need a login or anything,,,
,Dont forget you can place as many FREE Requests with 1stchoice.co.uk as you wish. For more Information call 08707808226.,,,
,LOL ... No just was busy,,,
,What * u wearing?,,,
,Message:some text missing* Sender:Name Missing* *Number Missing *Sent:Date missing *Missing U a lot thats y everything is missing sent via fullonsms.com,,,
,Oh:)as usual vijay film or its different?,,,
,I don't know u and u don't know me. Send CHAT to 86688 now and let's find each other! Only 150p/Msg rcvd. HG/Suite342/2Lands/Row/W1J6HL LDN. 18 years or over.,,,
,Have you had a good day? Mine was really busy are you up to much tomorrow night?,,,
,And is there a way you can send shade's stuff to her. And she has been wonderful too.,,,
,Really... I tot ur paper ended long ago... But wat u copied jus now got use? U happy lar... I still haf 2 study :-(,,,
,"Thank you, winner notified by sms. Good Luck! No future marketing reply STOP to 84122 customer services 08450542832",,,
,Babe ? I lost you ... :-(,,,
,Ok... Help me ask if she's working tmr a not?,,,
,I'm not driving... Raining! Then i'll get caught at e mrt station lor.,,,
,Not a drop in the tank,,,
,(That said can you text him one more time?),,,
,"Sorry, I'll call later",,,
,Ok i go change also...,,,
,1000's of girls many local 2 u who r virgins 2 this & r ready 2 4fil ur every sexual need. Can u 4fil theirs? text CUTE to 69911(å£1.50p. m),,,
,Did u find a sitter for kaitlyn? I was sick and slept all day yesterday.,,,
,"Sorry man, accidentally left my phone on silent last night and didn't check it til I got up",,,
,Hey.. Something came up last min.. Think i wun be signing up tmr.. Hee,,,
,He's an adult and would learn from the experience. There's no real danger. I just dont like peeps using drugs they dont need. But no comment,,,
,Hey! There's veggie pizza... :/,,,
,Yun buying... But school got offer 2000 plus only...,,,
,You sure your neighbors didnt pick it up,,,
,K. I will sent it again,,,
,Free entry in 2 a wkly comp to win FA Cup final tkts 21st May 2005. Text FA to 87121 to receive entry question(std txt rate)T&C's apply 08452810075over18's,,,
,"New Theory: Argument wins d SITUATION, but loses the PERSON. So dont argue with ur friends just.. . . . kick them &amp; say, I'm always correct.!",,,
,Well. Im computerless. Time to make some oreo truffles,,,
,"Haha yeah I see that now, be there in a sec",,,
,I am not having her number sir,,,
,Lol now I'm after that hot air balloon!,,,
,Ok . . now i am in bus. . If i come soon i will come otherwise tomorrow,,,
,Msgs r not time pass.They silently say that I am thinking of U right now and also making U think of me at least 4 a moment. Gd nt.swt drms @Shesil,,,
,"Yeah, we can probably swing by once my roommate finishes up with his girl",,,
,"Got what it takes 2 take part in the WRC Rally in Oz? U can with Lucozade Energy! Text RALLY LE to 61200 (25p), see packs or lucozade.co.uk/wrc & itcould be u!",,,
,Happy new years melody!,,,
,ÌÏ dun need to pick ur gf?,,,
,Yay! You better not have told that to 5 other girls either.,,,
,Horrible u eat macs eat until u forgot abt me already rite... U take so long 2 reply. I thk it's more toot than b4 so b prepared. Now wat shall i eat?,,,
,"Did he say how fantastic I am by any chance, or anything need a bigger life lift as losing the will 2 live, do you think I would be the first person 2 die from N V Q? ",,,
,Just nw i came to hme da..,,,
,"I'm outside islands, head towards hard rock and you'll run into me",,,
,To day class is there are no class.,,,
,I'm in chennai velachery:),,,
,You flippin your shit yet?,,,
,"K give me a sec, breaking a  &lt;#&gt;  at cstore",,,
,Am i that much bad to avoid like this?,,,
,"Yo, you around? Just got my car back",,,
,Annoying isn't it.,,,
,"Goodmorning, Today i am late for  &lt;#&gt; min.",,,
,There's no point hangin on to mr not right if he's not makin u happy,,,
,All will come alive.better correct any good looking figure there itself..,,,
,In that case I guess I'll see you at campus lodge,,,
,We're done...,,,
,Come to my home for one last time i wont do anything. Trust me.,,,
,I was up all night too worrying about this appt. It's a shame we missed a girls night out with quizzes popcorn and you doing my hair.,,,
,Sex up ur mobile with a FREE sexy pic of Jordan! Just text BABE to 88600. Then every wk get a sexy celeb! PocketBabe.co.uk 4 more pics. 16 å£3/wk 087016248,,,
,Ok... C ya...,,,
,You have 1 new voicemail. Please call 08719181503,,,
,What he said is not the matter. My mind saying some other matter is there.,,,
,He also knows about lunch menu only da. . I know,,,
,"Al he does is moan at me if n e thin goes wrong its my fault&al de arguments r my fault&fed up of him of himso y bother? Hav 2go, thanx.xx",,,
ham,But i'll b going 2 sch on mon. My sis need 2 take smth.,,,
ham,Idea will soon get converted to live:),,,
ham,S....s...india going to draw the series after many years in south african soil..,,,
ham,"Goodmorning, today i am late for  &lt;DECIMAL&gt; min.",,,
ham,Can't take any major roles in community outreach. You rock mel,,,
ham,Shopping lor. Them raining mah hard 2 leave orchard.,,,
ham,Hi here. have birth at on the  to  at 8lb 7oz. Mother and baby doing brilliantly.,,,
ham,See the forwarding message for proof,,,
ham,"Princess, is your kitty shaved or natural?",,,
ham,"Better than bb. If he wont use it, his wife will or them doctor",,,
ham,Ya it came a while ago,,,
ham,From tomorrow onwards eve 6 to 3 work.,,,
ham,Anything lor but toa payoh got place 2 walk meh...,,,
ham,U having lunch alone? I now so bored...,,,
ham,"Yes obviously, but you are the eggs-pert and the potato head‰Û_ Speak soon! ",,,
ham,"Nah man, my car is meant to be crammed full of people",,,
ham,No got new job at bar in airport on satsgettin 4.47per hour but means no lie in! keep in touch,,,
ham,Kallis is ready for bat in 2nd innings,,,
ham,Thanx but my birthday is over already.,,,
ham,"Ugh y can't u just apologize, admit u were wrong and ask me to take u back?",,,
ham,"I noe la... U wana pei bf oso rite... K lor, other days den...",,,
ham,"Yes, i'm small kid.. And boost is the secret of my energy..",,,
spam,This message is free. Welcome to the new & improved Sex & Dogging club! To unsubscribe from this service reply STOP. msgs@150p 18+only,,,
ham,"Excellent, I'll see what riley's plans are",,,
ham,I will see in half an hour,,,
spam,"You've won tkts to the EURO2004 CUP FINAL or å£800 CASH, to collect CALL 09058099801 b4190604, POBOX 7876150ppm",,,
ham,Ew are you one of them?,,,
ham,Also hi wesley how've you been,,,
ham,Ah you see. You have to be in the lingo. I will let you know wot on earth it is when has finished making it!,,,
spam,"Loan for any purpose å£500 - å£75,000. Homeowners + Tenants welcome. Have you been previously refused? We can still help. Call Free 0800 1956669 or text back 'help'",,,
spam,Update_Now - 12Mths Half Price Orange line rental: 400mins...Call MobileUpd8 on 08000839402 or call2optout=J5Q,,,
ham,somewhere out there beneath the pale moon light someone think in of u some where out there where dreams come true... goodnite &amp; sweet dreams,,,
ham,Well there's a pattern emerging of my friends telling me to drive up and come smoke with them and then telling me that I'm a weed fiend/make them smoke too much/impede their doing other things so you see how I'm hesitant,,,
ham,IM FINE BABES AINT BEEN UP 2 MUCH THO! SAW SCARY MOVIE YEST ITS QUITE FUNNY! WANT 2MRW AFTERNOON? AT TOWN OR MALL OR SUMTHIN?xx,,,
ham,"Forgot you were working today! Wanna chat, but things are ok so drop me a text when you're free / bored etc and i'll ring. Hope all is well, nose essay and all xx",,,
spam,"Wan2 win a Meet+Greet with Westlife 4 U or a m8? They are currently on what tour? 1)Unbreakable, 2)Untamed, 3)Unkempt. Text 1,2 or 3 to 83049. Cost 50p +std text",,,
spam,Please call our customer service representative on FREEPHONE 0808 145 4742 between 9am-11pm as you have WON a guaranteed å£1000 cash or å£5000 prize!,,,
spam,FREEMSG: Our records indicate you may be entitled to 3750 pounds for the Accident you had. To claim for free reply with YES to this msg. To opt out text STOP,,,
spam,"U can WIN å£100 of Music Gift Vouchers every week starting NOW Txt the word DRAW to 87066 TsCs www.Idew.com SkillGame, 1Winaweek, age16. 150ppermessSubscription",,,
ham,"The LAY MAN! Just to let you know you are missed and thought off. Do have a great day. And if you can send me bimbo and ugo's numbers, ill appreciate. Safe",,,
spam,Show ur colours! Euro 2004 2-4-1 Offer! Get an England Flag & 3Lions tone on ur phone! Click on the following service message for info!,,,
ham,Omg Joanna is freaking me out. She's looked thru all my friends to find photos of me. And then she's asking about stuff on my MySpace which I haven't even logged on in like a year. :/,,,
ham," says that he's quitting at least5times a day so i wudn't take much notice of that. Nah, she didn't mind. Are you gonna see him again? Do you want to come to taunton tonight? U can tell me all about !",,,
ham,"And that is the problem. You walk around in \julianaland\"" oblivious to what is going on around you. I say the same things constantly and they go in one ear and out the other while you go off doing whatever you want to do. It's not that you don't know why I'm upset--it's that you don't listen when i tell you WHAT is going to upset me. Then you want to be surprised when I'm mad.""",,,
ham,This is wishing you a great day. Moji told me about your offer and as always i was speechless. You offer so easily to go to great lengths on my behalf and its stunning. My exam is next friday. After that i will keep in touch more. Sorry.,,,
ham,"Thanks again for your reply today. When is ur visa coming in. And r u still buying the gucci and bags. My sister things are not easy, uncle john also has his own bills so i really need to think about how to make my own money. Later sha.",,,
ham,I bought the test yesterday. Its something that lets you know the exact day u ovulate.when will get 2u in about 2 to 3wks. But pls pls dont fret. I know u r worried. Pls relax. Also is there anything in ur past history u need to tell me?,,,
ham,"The guy at the car shop who was flirting with me got my phone number from the paperwork and called and texted me. I'm nervous because of course now he may have my address. Should i call his boss and tell him, knowing this may get him fired?",,,
ham,"Don't worry though, I understand how important it is that I be put in my place with a poorly thought out punishment in the face of the worst thing that has ever happened to me. Brb gonna go kill myself",,,
ham,"Oh! Shit, I thought that was your trip! Loooooool ... That just makes SO much more sense now ... *grins* and the sofa reference was ... The \sleep on a couch\"" link you sent me ... Wasn't that how you went on your trip ? Oh ... And didn't your babe go with you for that celebration with your rents?""",,,
spam,Phony å£350 award - Todays Voda numbers ending XXXX are selected to receive a å£350 award. If you have a match please call 08712300220 quoting claim code 3100 standard rates app,,,
ham,\HEY KATE," HOPE UR OK... WILL GIVE U A BUZ WEDLUNCH. GO OUTSOMEWHERE 4 ADRINK IN TOWN..CUD GO 2WATERSHD 4 A BIT? PPL FROMWRK WILL BTHERE. LOVE PETEXXX.\""""",,
